{
  "ts_unix": 1767777865,
  "host": "127.0.0.1",
  "port": 8084,
  "bench": "http_stats",
  "concurrency": 200,
  "total": 20000,
  "timeout_s": 2.5,
  "hold_s": 2.0,
  "sample_interval_s": 0.2,
  "modes": [
    {
      "mode": "epoll",
      "ok": 20000,
      "failed": 0,
      "elapsed_s": 8.527912,
      "qps": 2345.240095,
      "latency_ms": {
        "p50_ms": 67.453199,
        "p90_ms": 87.163628,
        "p99_ms": 150.954551,
        "avg_ms": 69.323783
      },
      "proc": {
        "cpu_pct_single_core_avg": 24.739686,
        "rss_bytes_max": 6324224,
        "rss_bytes_avg": 6268980,
        "fd_count_max": 209,
        "fd_count_avg": 175.384615,
        "sample_count": 39
      }
    }
  ]
}