{
  "ts_unix": 1767778227,
  "host": "127.0.0.1",
  "port": 8086,
  "bench": "http_stats",
  "concurrency": 200,
  "total": 20000,
  "timeout_s": 2.5,
  "hold_s": 2.0,
  "sample_interval_s": 0.2,
  "modes": [
    {
      "mode": "epoll",
      "ok": 20000,
      "failed": 0,
      "elapsed_s": 7.829837,
      "qps": 2554.331635,
      "latency_ms": {
        "p50_ms": 57.435289,
        "p90_ms": 69.475584,
        "p99_ms": 136.473669,
        "avg_ms": 58.883979
      },
      "proc": {
        "cpu_pct_single_core_avg": 32.937344,
        "rss_bytes_max": 6483968,
        "rss_bytes_avg": 6431402,
        "fd_count_max": 215,
        "fd_count_avg": 203.972222,
        "sample_count": 36
      }
    }
  ]
}