{
  "ts_unix": 1767778245,
  "host": "127.0.0.1",
  "port": 8086,
  "bench": "http_stats",
  "concurrency": 20,
  "total": 20000,
  "timeout_s": 2.5,
  "hold_s": 2.0,
  "sample_interval_s": 0.2,
  "modes": [
    {
      "mode": "epoll",
      "ok": 20000,
      "failed": 0,
      "elapsed_s": 8.208283,
      "qps": 2436.563182,
      "latency_ms": {
        "p50_ms": 6.913499,
        "p90_ms": 8.112683,
        "p99_ms": 11.177943,
        "avg_ms": 7.174096
      },
      "proc": {
        "cpu_pct_single_core_avg": 33.703617,
        "rss_bytes_max": 5472256,
        "rss_bytes_avg": 5448479,
        "fd_count_max": 35,
        "fd_count_avg": 32.560976,
        "sample_count": 41
      }
    }
  ]
}